Id,ORGANIZATION,NAME,GENDER,SPECIALITY,ADDRESS,CITY,STATE,ZIP,LAT,LON,ENCOUNTERS,PROCEDURES
530d46f8-2532-378f-826b-f11006bb5b89,74ab949d-17ac-3309-83a0-13b4405c66aa,Ted955 Reilly981,M,GENERAL PRACTICE,881 Main Street,Fitchburg,MA,01420,42.586487,-71.80521,263,0
e77817a0-9cce-3f11-9e1e-009b5983bcfd,e09d4c49-c2ef-3b0f-9a46-3719d9219306,Jules135 Emard19,M,GENERAL PRACTICE,60 HOSPITAL RD,LEOMINSTER,MA,014533290,42.54031915,-71.76312990486304,30,0
e3126dfb-c085-3238-8893-4f854b1d7577,e76b5eb0-0c9d-3593-b5da-3c0e9a97bb96,Sal878 Lehner980,M,GENERAL PRACTICE,1400 VFW Parkway,West Roxbury,MA,02132,42.2793,-71.1657,768,0
678a7f6c-a774-3eb1-991b-92b8c84cee08,42d4b607-f14d-370a-818e-40965685776c,Marchelle563 Hettinger594,F,GENERAL PRACTICE,3 WASHINGTON ST STE 220,NORTH EASTON,MA,023561034,42.0667665,-71.1036592,28,0
3b7db572-c494-357b-af20-6204a0ce28d3,1311c44a-85cb-3aea-a143-e5d7892ced8b,Kathrine376 Reinger292,F,GENERAL PRACTICE,300 KENSINGTON AVE,SPRINGFIELD,MA,011071139,42.091896,-72.559437,35,0
b021ccdd-fe6a-3620-a968-36e746cf2e14,2e1eaaf1-ebb0-332c-8921-f48e15b91879,Tambra47 Nolan344,F,GENERAL PRACTICE,2 SEAPORT DRIVE,QUINCY,MA,021711599,42.29287335,-71.03019020136307,2,0
f11c6297-b55a-3ce8-8107-886d6dc8f81a,8d0f0e66-b1dc-37fd-8b4e-0dcb6b3b446e,Les282 Pollich983,M,GENERAL PRACTICE,200 Springs Rd.,Bedford,MA,01730,42.503376,-71.272644,40,0
56c40fd9-e4d2-3abf-87a1-f1aa68ae31a3,b66db758-a205-3227-9cfb-bf19d2c1962d,Jamal145 Stroman228,M,GENERAL PRACTICE,121 HARVARD AVENUE  2ND FL,ALLSTON,MA,021342702,42.35241825,-71.13220132573996,3,0
fd63c3f7-8252-3ffa-85be-ba61095f4235,1e3ca321-fbbb-3546-b9ea-c3761a20324a,Clotilde434 Howe413,F,GENERAL PRACTICE,605 Lincoln Street,Worcester,MA,01605,42.297756,-71.766815,79,0
4170b670-7ec2-3cb9-9615-3748921f7862,02c936e2-3aee-38b2-88a4-81f3689b7bb7,Aaron697 Kohler843,M,GENERAL PRACTICE,120 FISHER AVENUE,BOSTON,MA,021203320,42.3276141,-71.1051603,3,0
5a768e23-5141-3222-b2c8-981fdc5bb73a,e93b27a8-6507-3595-84a5-f899ce23a72d,Faustino767 Sanford861,M,GENERAL PRACTICE,70 EAST STREET,NORTH ANDOVER,MA,018456144,42.6839894,-71.1127065,26,0
8b2f4316-5d7a-3a54-9c75-79aca64f34a0,05137a62-1a8f-34ff-8baf-a0c35c238ea0,Houston994 Olson653,M,GENERAL PRACTICE,750  ATTUCKS LANE,HYANNIS,MA,026011950,41.676027500000004,-70.29727035,13,0
63144179-ba50-3e8a-88b6-c66f5fc876ee,4ffa4412-1493-3beb-b8f0-6614dde953a4,Harland508 Ryan260,M,GENERAL PRACTICE,363 HIGHLAND AVENUE,WAREHAM,MA,025715011,41.745636,-70.658192,10,0
ad5ab959-7620-3f92-a5ca-6d5cf07050a9,a14e698d-a9ba-3eae-9c8b-682ec726433d,Karla801 Cummerata161,F,GENERAL PRACTICE,776 WESTERN AVE,LYNN,MA,019052408,42.466763,-70.9494939,3,0
bc6dee91-702b-32d8-9d48-d9b56cb90a63,5ba6765a-f335-36b0-9c6a-6bb494c5330d,Clemente531 Schamberger479,M,GENERAL PRACTICE,31 OLD ROUTE 7,WESTWOOD,MA,020902333,42.2139873,-71.2244987,1,0
15d760c0-fd00-3637-8cb5-14e1328a8f91,b6eeaaf7-1683-3bcb-b6ee-81ce304636ef,Zachery872 Pagac496,M,GENERAL PRACTICE,170 GOVERNORS AVE,MELROSE,MA,021763225,42.4564323,-71.064182,15,0
212776ed-fb90-3e5a-ad59-93cad1bb13d9,d613e441-68e8-3502-8adb-3f770a1276bf,Colin861 Witting912,M,GENERAL PRACTICE,114 WATER ST,MILFORD,MA,017573007,42.13661855,-71.53474614336832,28,0
8f0e7722-d180-3b01-917f-7fb7c700b98e,18061fd5-fda8-3e2d-87f0-0f3c87211bcc,Omer483 Koepp521,M,GENERAL PRACTICE,1493 CAMBRIDGE ST,SOMERVILLE,MA,021431408,42.3875968,-71.0994968,12,0
20ea7440-5e80-3789-ad49-b40c6dcc35bc,1e11392b-1278-3e70-93cd-f396cbd0c265,Gino587 Block661,M,GENERAL PRACTICE,115 LINCOLN ST,NATICK,MA,017607700,42.2843753,-71.3441395,21,0
1d651a4f-13c7-3505-8c1f-dc299949327e,c7b63332-fdc7-3ab3-936b-284b931a9f6a,Bertha558 Nolan344,F,GENERAL PRACTICE,55 COOPER STREET,AGAWAM,MA,010012149,42.080218599999995,-72.61816103207964,6,0
01afaa50-8323-319e-bf5b-84b0ef78e21e,0cc04ba5-137a-3ef8-acda-e79b25960b2a,Fallon874 Homenick806,F,GENERAL PRACTICE,25 ADAMS ROAD,WILLIAMSTOWN,MA,012672928,42.7009605,-73.18515951851253,2,0
a6440c00-2cde-3923-af0f-22d74f4ac9ef,4b7c1695-a178-3e03-8651-51acfd3b8372,Gloria696 Fuentes250,F,GENERAL PRACTICE,600 OLD SOMERSET AVE,NORTH DIGHTON,MA,027641824,41.86399,-71.1244904,28,0
277021a5-eee6-326c-ada4-98edcd897a3a,aade280a-3b90-3e48-9648-91109a964a63,Josef103 Klein929,M,GENERAL PRACTICE,909 SUMNER ST,DARTMOUTH,MA,027473826,41.6332267,-70.9879928,93,0
8fb76476-216c-35bf-b779-2de0e23d3dfe,84de2bcf-1b1a-3ce2-9f6d-9e0cb34991f6,Alfredo17 Altamirano540,M,GENERAL PRACTICE,45 DAN RD,WELLESLEY,MA,024813503,42.2964859,-71.2925571,28,0
d2928b65-bb0d-3fd2-b45d-7f3cda779e8d,0f9d1260-db33-3483-b2b6-5483cfcb739c,Lizette501 Lebsack687,F,GENERAL PRACTICE,361 WOODWARD ST,WABAN,MA,024682027,42.326011949999994,-71.2254251580706,56,0
f497f458-d4a9-37ef-abe8-fd8ce4a39d17,794b1cc2-97be-30a4-83a0-4bf6add43c74,Lillia547 Gutmann970,F,GENERAL PRACTICE,215 THATCHER STREET,BROCKTON,MA,023023949,42.0740963,-70.99660306096918,1,0
4ad69697-23f2-3400-be54-964bc4b55308,0fab3c4e-a028-39a6-b15a-be5a88b6aa2a,Cletus494 Paucek755,M,GENERAL PRACTICE,222 STATE STREET,LUDLOW,MA,010563437,42.15547415,-72.47222226666076,9,0
ef78fa20-19b1-373f-a676-55a73451b153,3b021cb6-4745-3d9d-8436-230055f770bd,Dusty207 Franecki195,M,GENERAL PRACTICE,148 CHESTNUT ST,NEEDHAM,MA,024943238,42.27728075,-71.23665362814043,49,0
d4694266-4169-3d5b-bc95-079d7f684524,83f59b06-c094-345b-afae-856f22c1ac2c,Rosemarie149 Gutmann970,F,GENERAL PRACTICE,255 Park Ave Suite # 900,Worcester,MA,01609,42.265556,-71.818665,247,0
06c5f05b-7e48-30d0-898a-6e064178aac7,b20a0fe1-53b3-33fc-8acb-bc9a2df64e57,Michaele314 Schoen8,F,GENERAL PRACTICE,3 PATTERSON ROAD  SUITE 3,SHIRLEY,MA,014642907,42.552462649999995,-71.62383665745185,2,0
9d7636d4-a5fb-3e0c-a7f0-64de1dabf45d,05b2593e-1bc1-32ee-8d9f-0aad4fa74ff0,Hilary419 Schaefer657,F,GENERAL PRACTICE,940 Belmont Street,Brockton,MA,02301,42.065655,-71.05398,26,0
5b235eb6-9770-307d-b133-75ebe385ab6b,fbd4ccdf-2fdb-3652-9bbe-1ccff886bd34,Tana168 Collins926,F,GENERAL PRACTICE,320 CENTRAL STREET  UNIT A2,SAUGUS,MA,019062372,42.4632069,-71.0093761,1,0
4f7dd5db-6ceb-374b-b263-6c4a5d10ca28,901c2d40-1ca3-3879-9a20-c663b8adc0a9,Chanelle850 Schuster709,F,GENERAL PRACTICE,800 WASHINGTON STREET,STONEHAM,MA,021802445,42.4863168,-71.0928919,134,0
0f300072-0360-35d3-9b90-7872b1713117,6170552c-4d27-3e64-8068-64a380f1837d,Leo278 Pacocha935,M,GENERAL PRACTICE,76 SUMMER ST,HAVERHILL,MA,018305814,42.7786873,-71.07306505177553,42,0
2f010790-2201-3a25-8fdb-9964bce276ed,b9e35b8a-9831-32d8-a6dc-d7a546c126b0,Gerardo48 Montez99,M,GENERAL PRACTICE,111 HUNTOON MEMORIAL HIGHWAY  1ST FLOOR,SPRINGFIELD,MA,011092550,42.1018764,-72.5886727,61,0
61c82ff2-f30e-326a-b3dc-42cfea6fac05,18df2721-3f76-3f83-94d5-63597cedd298,Gail741 Romaguera67,M,GENERAL PRACTICE,909 SUMNER ST,STOUGHTON,MA,020723396,42.1005097,-71.0830269025407,23,0
75b6d9ea-520e-3227-847d-5155e9116405,8d110f42-6f75-3751-b0c5-b45ab08333a1,Shonna561 Feest103,F,GENERAL PRACTICE,88 WASHINGTON ST,TAUNTON,MA,027802465,41.9062805,-71.09518121351795,25,0
c7be56e7-e0e4-36cb-8998-77a98be4db62,d6600c68-8a26-3a88-86e2-99517365c10a,Jerald662 Wolf938,M,GENERAL PRACTICE,175 Elm Street,New Bedford,MA,02740,41.635937,-70.92991,162,0
80acf9a5-5d7a-3465-8eb6-5483195eb1ff,954e01a8-3b27-314e-9c77-254f1ac9c917,Graciela518 Lehner980,F,GENERAL PRACTICE,116 Long Pond Road,Plymouth,MA,02360,41.924313,-70.656654,381,0
40c097fc-4b2e-33d0-8289-b12a3ba1f59d,2e8b42f8-4300-30a9-a576-d513d1021a0a,Beverlee316 Haag279,F,GENERAL PRACTICE,600 CLARK RD,TEWKSBURY,MA,018761699,42.63120935,-71.27023603178071,28,0
8bcfbeed-7e8c-3845-8543-1f5d2680f3f3,d140ed3f-2696-3e78-bd77-1c959ec4fc4d,Jamal145 Marks830,M,GENERAL PRACTICE,863 HATHAWAY ROAD,NEW BEDFORD,MA,027401916,41.6512968,-70.9669902070805,5,0
ccd3cb28-828d-30a9-88b3-e87c79b62903,d4e48a16-0a60-3e90-81e5-c35b22ffe6af,Elmer371 Kutch271,F,GENERAL PRACTICE,856 STATE RD,NORTH ADAMS,MA,012473027,42.69967208677275,-73.16330754755236,14,0
f6a5338f-cd97-3856-81e6-462071a27f3f,4ff8b164-4cf5-3ab4-b0f2-7ce8fda920e5,Latrisha74 Mante251,F,GENERAL PRACTICE,800 WASHINGTON ST,WORCESTER,MA,016550002,42.180483,-71.867782,28,0
ec2a7ad6-c74e-3a52-8d46-df0a07b786fb,8f22037a-070f-3fcf-8f39-fa879f0ae107,Ina660 Hermann103,F,GENERAL PRACTICE,567 DARTMOUTH ST,S DARTMOUTH,MA,027481826,41.61112,-70.93937914285715,1,0
4bab992d-044e-35f3-ac71-a42d1219bc1a,bccd7d67-203c-3d93-b6b0-bff5a146cd1d,Courtney281 Kihn564,M,GENERAL PRACTICE,286 WASHINGTON ST,STOUGHTON,MA,020721763,42.1384306,-71.1022598,5,0
d0f516e1-ed77-3d27-ac82-62ab2340035c,63cb4d95-04a9-3a35-b5d9-f89e0377a48d,Chu728 Weber641,F,GENERAL PRACTICE,211 PARK ST,ATTLEBORO,MA,027033143,41.9419187,-71.2752081695297,19,0
18a87477-7486-36e4-8282-09c3a58d6ccc,a2a41caf-758f-3962-8e5f-e6e603f93d17,Noelle559 Padberg411,F,GENERAL PRACTICE,111 HUNTOON MEMORIAL HWY,ROCHDALE,MA,015421305,42.2020225,-71.89891616754682,64,0
8ab26262-8890-3cb5-88b1-6befe59fce52,db28cc9a-fdfb-35a6-aef7-ab9b933ef244,Judy192 Gleason633,F,GENERAL PRACTICE,8 DANA STREET,CAMBRIDGE,MA,021385402,42.3694992,-71.11011030010101,8,0
c56c26de-a22f-38a7-afa7-883229a8f670,a6fb79e7-4abb-3a68-b62d-e501427fdca4,Ricky354 Renner328,M,GENERAL PRACTICE,489 WASHINGTON ST STE 202,AUBURN,MA,015015709,42.187836,-71.83104,28,0
45691fb7-0131-3b0b-b604-d09bdc7bad5b,c7542447-e06e-32cb-b6db-243c23a0dbc2,Chantell995 Krajcik437,F,GENERAL PRACTICE,30 WARREN ST,BOSTON,MA,021353602,42.3501483,-71.14393324457691,13,0
e0c16f0f-5376-3311-b811-1a67a54c2eba,50c47685-8125-3c50-8311-8bd7ba9e9108,Beth967 McKenzie376,F,GENERAL PRACTICE,4199 WASHINGTON ST,ROSLINDALE,MA,021311733,42.2871447,-71.1277526,17,0
fa4adc35-45d8-351f-bc87-a4baaea11ab7,aba3e6f6-4562-342e-b90f-dd61b117f394,Norbert530 White193,M,GENERAL PRACTICE,438 CHESTNUT STREET,SPRINGFIELD,MA,011072008,42.11291091861002,-72.59692685125127,16,0
557120cd-8ed3-3098-88e5-a49544bb216f,a4b91172-69e7-3895-bd89-b9a0868de5c2,Salvador46 Wolff180,M,GENERAL PRACTICE,651 ORCHARD ST,NEW BEDFORD,MA,027441052,41.6149879,-70.93113851963673,56,0
c218e450-d7d9-3ab9-9254-ed1c2aa6c610,72f50aa0-d8c9-34dc-ac58-c428323f3bcd,Danuta945 Little434,F,GENERAL PRACTICE,55 FRUIT ST,BOSTON,MA,021142696,42.36286045,-71.06875296664998,28,0
90b72cca-3dde-3c8b-a96a-bd1e9559a6d1,9203d0d2-ca7d-3421-9361-974402ffb561,Shelby741 Shields502,M,GENERAL PRACTICE,58 OLD NORTH RD,WORTHINGTON,MA,010989708,42.414246,-72.93841842197347,28,0
69729c97-9d5e-37a6-83b6-b8d9803ce678,eee00932-ca82-36bc-b7e8-e3fff6dbaeaa,Leif534 Hane680,M,GENERAL PRACTICE,450 BROOKLINE AVE,WEYMOUTH,MA,021893141,42.2212188,-70.9391625,18,0
1ce94c3e-771a-3f9f-b354-13f9ced716d8,50c7f768-9138-3dae-a67d-953bdf9ad754,Glenn0 Bogisich202,M,GENERAL PRACTICE,125 COUNTY STREET,TAUNTON,MA,027803561,41.8960599,-71.07799243944345,65,0
3d435666-ebbf-37db-b652-aa009c763ffb,f8918a95-31e8-3ac4-8d12-29ca6080ebda,Domitila545 Vandervort697,F,GENERAL PRACTICE,199 REEDSDALE RD,MILTON,MA,021863926,42.251368299999996,-71.0768393856917,70,0
8f9381d8-4407-3818-b0fd-0823553f1561,bce5b907-584b-345d-bbcf-912cf56cb6c3,Monte325 Parisian75,M,GENERAL PRACTICE,11-15 SANDERSDALE ROAD,WORCESTER,MA,016032467,42.0667952,-72.0084995,28,0
9db7ddf2-a9c3-3636-b752-efaed2b5cd2a,8d5880eb-1dd8-31ea-b7c5-21709f3bb341,Nicholle822 Satterfield305,F,GENERAL PRACTICE,50 ROWE ST,MELROSE,MA,021763201,42.4592093,-71.06078096379728,21,0
3c437700-e330-306f-b230-dc567681346f,3ff0f58b-7a1f-3334-9449-ff15f68b7d86,Claudia969 Tirado305,F,GENERAL PRACTICE,275 SANDWICH ST,PLYMOUTH,MA,023607761,41.94186605,-70.6455366462985,11,0
4903f8f2-0dc9-3094-906d-fe503008207e,09434cf4-ae0d-32ad-bc16-5ce7b0e5c12b,Chelsea317 Christiansen251,F,GENERAL PRACTICE,1041L Pearl St.,Brockton,MA,02301,42.055134,-71.06661,1040,0
dbc1929d-22d6-3e22-8e9c-8dcc56753c4a,171254da-957c-304a-b3fc-51a2d3ebee43,Brittney657 Schmitt836,F,GENERAL PRACTICE,108 Merrimack St.,Haverhill,MA,01830,42.77449,-71.07901,55,0
d29729a1-bedf-3976-a752-cc3d44044931,6d947ed4-9b7f-3720-8141-67109691d2e7,Kim439 Eichmann909,M,GENERAL PRACTICE,73 Eagle Street,Pittsfield,MA,01201,42.451427,-73.25195,74,0
17e65875-7904-35c6-b7c1-10d343e8fb39,dac75bc1-cbfa-306b-9a0a-88d5edf3638d,Henry768 Ebert178,M,GENERAL PRACTICE,170 COREY ROAD,BRIGHTON,MA,021358244,42.3433093,-71.14003855124017,1,0
07427f9b-7f2a-3100-b436-b20502a5b193,371948e4-733a-33b6-a835-68abefdeb59f,Zachary28 Gleichner915,M,GENERAL PRACTICE,197 ADAMS RD,WILLIAMSTOWN,MA,012672930,42.704126099999996,-73.19043030392987,28,0
a5a53ab2-897e-32ea-817a-1a6e2dc0c7b6,87472bc2-7c23-37cc-8355-7f3e88614b6b,Dean966 Kris249,M,GENERAL PRACTICE,305 MAPLE STREET,EAST LONGMEADOW,MA,010282765,42.059258494749486,-72.53388585052694,2,0
fb73b5ec-a30c-3cf7-bd9a-8fd9ed4dbf0f,542185c1-943a-30f4-aba0-0efaa92488a4,Wilbur107 Rau926,M,GENERAL PRACTICE,142 LAKE ST,ARLINGTON,MA,024764738,42.40328885,-71.15140830652837,28,0
7f9580b9-6a61-3ff2-bad9-cca5477b37c2,a2cc09de-c1e2-3126-8c09-d49f95225281,Cristi782 Leannon79,F,GENERAL PRACTICE,300 LONGWOOD AVE,WALTHAM,MA,024532741,42.3756401,-71.2358004,32,0
7cb9339e-d009-39ce-b19d-0edd3488e110,f341c366-8313-3790-ab26-d8d27b116ff5,Odell776 Greenholt190,F,GENERAL PRACTICE,80 LINCOLN STREET,WALTHAM,MA,024535465,42.39322121170625,-71.24104146434591,28,0
ab4ba333-1074-35af-9074-f6f000268488,ee7fab6f-6438-394f-b1f2-3e452f8f055a,Domonique463 Satterfield305,F,GENERAL PRACTICE,75 BRIMBAL AVENUE,BEVERLY,MA,019156009,42.570099299999995,-70.87108224250409,2,0
b75158d5-32f7-3eb8-a049-affbe1763cb9,79508e39-d0b0-3613-9d54-168f6e1c3a18,Lynwood354 Tromp100,M,GENERAL PRACTICE,200 GROTON ROAD,GROTON,MA,014502056,42.577352149999996,-71.57414587343038,31,0
43f67a7d-79bb-38a0-94a2-097f0df4a904,352f2e3b-0708-3eb4-9f7e-e73a685bf379,Gregg522 Willms744,M,GENERAL PRACTICE,157 UNION ST,SOUTHBOROUGH,MA,017721215,42.3056501,-71.5245087,11,0
833520f1-64be-3b77-ab53-c5e2455a4bcd,5b142cbe-a07c-3f6e-9780-a563644f66e2,Somer38 Wisozk929,F,GENERAL PRACTICE,73 Huttleton Ave.  Unit 2,Fairhaven,MA,02719,41.6318,-70.8801,94,0
44710aca-15c8-3300-8724-93954da9b5d8,e34d8448-8b98-3f91-9fe7-faeb8a78e1db,Jill895 Monahan736,F,GENERAL PRACTICE,NEW ENGLAND SINAI HOSPITAL,MILTON,MA,021862377,42.2501425,-71.065573,28,0
29c9001e-81e6-3ff8-bc2b-c59576b876e3,2164ee72-e9d8-312a-8bf4-a4abc55771b7,Alva958 Ritchie586,M,GENERAL PRACTICE,84 CHAPIN ST,SOUTHBRIDGE,MA,015502408,42.073771750000006,-72.03709326666669,1,0
35b9ce50-8abc-3631-8b00-c92a7026419f,0fa1cab9-83c1-3c85-b7bc-53d8b922e2f7,Annita733 Frami345,F,GENERAL PRACTICE,115 LINCOLN STREET,WORCESTER,MA,016081216,42.2768165,-71.795274,12,0
2c0559d4-08f5-3e7e-b4fc-a3e4daf1d2ee,817f4acb-0184-3146-9ce0-87197d8f115a,Maynard46 Buckridge80,M,GENERAL PRACTICE,30 NEWCROSSING RD STE 301,READING,MA,01867,42.51809619399502,-71.0959083715027,28,0
2494ccbd-084b-3b11-a00b-bf262cbf6a14,4fa643ae-1f58-3c2e-9f33-0ba56345ad10,Trevor374 Williamson769,M,GENERAL PRACTICE,361 MAIN ST,WAREHAM,MA,025712153,41.761384899999996,-70.71911431737183,28,0
2b0c2ac9-d5e4-30ee-9a21-9e84d2a8eaaf,a73a3693-57ac-367e-b29e-f0f834cbaf66,Drew592 Simonis280,M,GENERAL PRACTICE,10 CORDAGE PARK CIR,PLYMOUTH,MA,023607318,41.9788991,-70.6879608,28,0
c24c182a-b296-38aa-887b-631ff9213f99,2b97893e-dc50-378b-a266-f089b8450329,Gary33 Torphy630,M,GENERAL PRACTICE,250 MOUNT VERNON ST,DORCHESTER,MA,021253120,42.3194571,-71.04610844302991,28,0
18570e50-f4f9-3fda-9cd4-9c20eab7ab0c,d0894f6b-78d7-338d-82ad-b63de4d40014,Dewayne363 Lemke654,M,GENERAL PRACTICE,330 MOUNT AUBURN STREET,WALTHAM,MA,02452,42.3756401,-71.2358004,8,0
b3ff9e00-923c-3dde-9028-408d31feec81,3d5fbf38-c781-3e04-8c7e-5a402611b7d4,Enriqueta274 Barton704,F,GENERAL PRACTICE,260 ELM ST,SOMERVILLE,MA,021442951,42.3955992,-71.1227391,25,0
7e31f80b-06ea-3305-b5cc-7053a7c2c857,f43f97f2-af04-3ed0-a42e-3681718cc9b2,Dorcas534 Quigley282,F,GENERAL PRACTICE,725 NORTH ST,PITTSFIELD,MA,012014109,42.4600752,-73.2492795834909,45,0
cfa13ecd-8162-3abc-ac5c-a2809c102a71,9ed61c49-1d0c-3774-b528-d75b50938fe2,See995 Stoltenberg489,F,GENERAL PRACTICE,110 West Squantum Street,Quincy,MA,02169,42.272617,-71.03133,620,0
2f570ab6-f226-351e-86b5-45deaf1c3d93,2f67494e-f17e-3248-ba68-3ca42913cca1,Majorie11 Bergstrom287,F,GENERAL PRACTICE,184 MAIN STREET,FAIRHAVEN,MA,027193259,41.646106,-70.90865208079187,8,0
9926e04e-81d4-37df-b412-cf4a50a4a388,15c0c270-968e-3651-8afe-e162149e5e3e,Vida128 Kohler843,F,GENERAL PRACTICE,10 George Street  Gateway Center,Lowell,MA,01852,42.642513,-71.3062,17,0
cdfdc1f2-996d-3627-a1e8-09fb46754180,52efa2e5-007f-3396-a83a-28ca015f0595,Ranee391 Turner526,F,GENERAL PRACTICE,20 N PARK AVE STE 2200A,PLYMOUTH,MA,023604090,41.960434631488596,-70.67007876763536,8,0
defd8c45-3319-338e-81ca-7a871febb987,19439108-9835-38fe-8ee2-1226a355cfba,Georgeann302 Kunze215,F,GENERAL PRACTICE,694 WORCESTER RD,WELLESLEY,MA,024822837,42.2964859,-71.2925571,16,0
6e49742f-3db0-34b6-b9e1-e7cebfdb025e,edd58f69-ad5f-346b-b1f9-530ccdc895f6,Johnathan55 Padberg411,M,GENERAL PRACTICE,52 CARPENTER ST,ATTLEBORO,MA,027032472,41.9369576,-71.27996091755344,28,0
55b274b3-ceec-3a83-acf7-a7576fdd6abe,94ac48ba-e215-3ab9-ba88-a0b926d29cef,Barton704 Hahn503,M,GENERAL PRACTICE,300 WINTHROP STREET,MEDFORD,MA,021552311,42.421527,-71.11834,3,0
4416812b-15a6-328d-b51c-e26a1c74476d,a2047ff6-62f2-34d7-beb9-7e164d989c75,Frederic454 Larkin917,M,GENERAL PRACTICE,1200 CENTRE STREET,ROSLINDALE,MA,021311011,42.29768,-71.130463,2,0
68eef5c4-4274-35fd-88dd-25e68440cf96,48a6d3ab-50ef-349e-8945-2558a78f378e,Mercy752 Kuhlman484,F,GENERAL PRACTICE,795 MIDDLE ST,SWANSEA,MA,027774114,41.730919,-71.208117,36,0
02791f16-b171-3ec8-98c3-e0fe7d716956,7b7ce654-a413-37d1-9d34-97240c0ac580,Liberty95 Kihn564,F,GENERAL PRACTICE,1 WRENTHAM ST,BELLINGHAM,MA,020192532,42.025037350000005,-71.48945118224057,47,0
21dced04-f6ea-3194-820c-2b0fb8f3e5f0,f1c6e386-ed52-3f97-a2b0-4e21ad2d0966,Rhonda22 Bins636,F,GENERAL PRACTICE,54 COURT ST,TAUNTON,MA,027803201,41.9028629,-71.09718927122583,28,0
3a8aba28-20a2-3154-9ae8-6622ec3b853f,7b20d1c4-c56b-3647-801c-5e4e13679073,Mozell819 Prohaska837,F,GENERAL PRACTICE,275 SANDWICH ST,PLYMOUTH,MA,023602183,41.94186605,-70.6455366462985,85,0
723975b2-c712-33b1-983f-49683ccb1057,3e97ce4f-3ad7-3cea-883f-e2bb4ca89d83,Fidel864 Swift555,M,GENERAL PRACTICE,30 NEW CROSSING RD,READING,MA,018673270,42.51809619399502,-71.0959083715027,19,0
3f1a4976-e569-317f-82de-aa2249668238,d5920b72-ac1a-3ec4-81ca-e3b75cb7aadd,Merrilee429 Daugherty69,F,GENERAL PRACTICE,251 Causeway St.,Boston,MA,02114,42.3665,-71.05931,105,0
2e04c76e-17de-340b-b767-867a5d82eeed,552ede7f-2ba4-39ef-9217-29d27b89b8a7,Shameka870 Reichert620,F,GENERAL PRACTICE,87 SHATTUCK STREET,HAVERHILL,MA,018302319,42.796917699999995,-71.05216081525802,7,0
0f6a6209-78fb-3a6b-8907-41e81570c58c,a079d416-e8fe-3286-8ef3-6d289d7b5ad9,Nan75 Collins926,F,GENERAL PRACTICE,233 Stevens St,Hyannis,MA,02601,41.651745,-70.294235,224,0
f6443dee-d7db-3b8d-a1ee-b11509ab1a10,680532c8-2661-3b39-875a-b6ec0746ccf5,Jolyn4 Dach178,F,GENERAL PRACTICE,30 ATHOL ST,ALLSTON,MA,021341124,42.36075595,-71.13397379082869,28,0
42e2952a-fb47-3026-89c8-d88898c110cd,c6b019eb-28ec-36f6-abf3-bcc4d1d58966,Sherwood961 Aufderhar910,M,GENERAL PRACTICE,33 AVON ST,WAKEFIELD,MA,018802310,42.50403445,-71.07462951514611,28,0
d17b28e7-4546-3c62-8f0b-64c64c5884c3,dd8f40be-2c90-347a-abf6-c07a5ad4148f,Harold594 Bashirian201,M,GENERAL PRACTICE,105 CHESTNUT ST,NEEDHAM,MA,024922520,42.2784618,-71.23770041644639,28,0
d8d972dc-b3f6-3cf9-8a81-3cebe09eff82,2836d9ac-c6a6-39d1-8f13-fdf0fc8928f4,Alysha630 Koch169,F,GENERAL PRACTICE,365 EAST ST,TEWKSBURY,MA,018761950,42.6069472,-71.2180803,10,0
353b1320-c804-3c5c-9160-9517ea7a1b10,f22bc2ac-f8bd-3f9f-9a40-93db37639d3f,Marilu588 Carrasco324,F,GENERAL PRACTICE,735 ATTUCKS LN,HYANNIS,MA,026011867,41.6747631,-70.29768515601289,28,0
40da4b8e-9009-3619-9e19-ecd850ce62bc,04b252db-4231-3cb5-963d-6f096fb4b97c,Lorie307 Grady603,F,GENERAL PRACTICE,1177 PROVIDENCE HIGHWAY,NORWOOD,MA,020625019,42.194543,-71.1994976,6,0
c14e48e9-c3b1-3780-88f9-4224c9492804,4fa8411f-42f8-3353-8947-bf15254c9dee,Lane844 Gutmann970,F,GENERAL PRACTICE,90 GREENWOOD STREET,WAKEFIELD,MA,018804039,42.476321150000004,-71.06922169005762,9,0
78636c32-ffeb-3dab-8172-105c3bdae631,a977feef-f585-3fa8-8deb-7e60fc2cab30,Keneth579 Schulist381,M,GENERAL PRACTICE,2314 MAIN STREET,TEWKSBURY,MA,018763128,42.58023655,-71.19367180835906,1,0
489acd43-9552-3471-9883-a2dd3d5a36d0,1de7e7d9-9a7a-3a3f-bf4c-b4de450711f2,Clemente531 Quintana711,M,GENERAL PRACTICE,198 LITTLETON RD,WESTFORD,MA,018863429,42.564282,-71.42620615382347,4,0
65187577-06bd-3fae-b432-74193206ede8,497f39dd-280e-3d58-af5b-c5e3a3a09b10,Randy380 Bergstrom287,F,GENERAL PRACTICE,27 PARK ST,HYANNIS,MA,026015230,41.65363635,-70.27352219234834,44,0
34008ae2-406d-3659-b4f2-055164b7527f,eaaf102d-0188-3a69-a751-030645e2a7b0,Cathey606 Kiehn525,F,GENERAL PRACTICE,605 MAIN STREET,WAREHAM,MA,025711031,41.76766153042966,-70.73096212925822,10,0
2d427f08-7f44-3ba7-bf4e-4f411cd958ec,0d7fd824-1c7b-3f8b-a662-f6c2005e82e1,Lyndon118 Trantow673,M,GENERAL PRACTICE,88 MASONIC HOME ROAD,CHARLTON,MA,015071394,42.1389039,-71.9782681,52,0
3acac165-e161-3e27-8599-454e9b466d2a,accb8cdd-6560-3fef-b0a6-f12c3295026a,Kerrie266 Bergstrom287,F,GENERAL PRACTICE,969 PARK STREET,ATTLEBORO,MA,027035115,41.9266899,-71.2611303145582,7,0
8382270d-35e3-30a9-b685-4ad33885cea4,792f1ce2-3420-3f91-bd8c-ce680ef4c5d2,Sunshine777 Leannon79,F,GENERAL PRACTICE,309 DRIFTWAY,SCITUATE,MA,020661905,42.1766448,-70.74318482072749,1,0
8f7a3623-fe01-39f8-ae08-a2b739696fd1,c2e93fb4-abf2-3210-b6ec-4d1ecb2b76f0,Francene766 Halvorson124,F,GENERAL PRACTICE,62 BROWN ST,HAVERHILL,MA,01830,42.76512700000001,-71.04617174286321,28,0
03431ac0-e4c9-3fa9-86ef-08b32087c629,1ab2b5f9-cb95-3236-beec-9b9d4a407c61,Carroll471 Eichmann909,M,GENERAL PRACTICE,725 NORTH ST,PITTSFIELD,MA,012014109,42.4600752,-73.2492795834909,26,0
2260e3d7-34f7-30aa-984a-11012a021335,41e2a44c-477c-3511-96f9-12c476aa3b6a,Latoyia537 Lindgren255,F,GENERAL PRACTICE,85 E NEWTON ST,BOSTON,MA,021183553,42.336277100000004,-71.07085295687423,7,0
9056d5a8-8426-3169-996a-e76c535f5f62,6df069d9-5273-32df-bee8-b6a5a20c2ece,Tamala194 Fahey393,F,GENERAL PRACTICE,474 West Main Street,Hyannis,MA,02601,41.650307,-70.313515,558,0
01c50f1d-f1c1-3e7d-8840-f34538cd864e,9d41e4fc-9507-3ddb-82ad-966046fca031,Cleo27 Lehner980,M,GENERAL PRACTICE,104 RANDOLPH ROAD,WORCESTER,MA,016062465,42.29955605000001,-71.79838133819244,6,0
f1e01489-f1c8-32e8-ab5c-37db469970b3,5b0cd0a0-f277-3a66-bee6-d64b5be4a3f5,Waldo53 Hintz995,M,GENERAL PRACTICE,725 NORTH ST,PITTSFIELD,MA,012015493,42.4600752,-73.2492795834909,11,0
a1630e73-9c16-3279-a5d8-2e2188a7b16e,79a06fd6-9f2b-35e3-9b11-0bc5ff89e17c,Waylon572 Kovacek682,M,GENERAL PRACTICE,225 Boston Road  Suite 107,Lynn,MA,01904,42.470093,-70.95994,598,0
55dd3302-2592-3610-8bb4-f65f9243a4f2,1853aeef-5897-326a-80d6-aa4b0459eb6d,Kendra609 Kassulke119,F,GENERAL PRACTICE,381 WICKENDEN ST,ATTLEBORO,MA,027032247,41.9438129,-71.2806515,236,0
bf204c52-2009-3070-a3f8-4d9aa8edb9e2,7f32dd7d-5c35-3ddb-839b-8fbbb930d412,Tyron580 Littel644,M,GENERAL PRACTICE,863 CENTRAL STREET,FRAMINGHAM,MA,017014813,42.30758060362541,-71.42846215724606,13,0
c8efbd24-911a-3c9a-a023-a740b9a0ab02,51d38e67-9350-39b8-bbb3-91cc879ae415,Millie392 Hoppe518,F,GENERAL PRACTICE,335 NICHOLS ROAD,FITCHBURG,MA,014201932,42.598254850000004,-71.80841914533654,14,0
faf2bf9b-f071-3c91-98d9-09bed6704764,6e517750-a29e-3170-a02b-5733ff523458,Levi940 Abbott774,M,GENERAL PRACTICE,101 BARRY RD,WORCESTER,MA,016091275,42.3030701,-71.8333408960994,28,0
cc023e41-a5d7-32e3-bbb0-72cc60a65738,1b3fe590-8793-3f08-865d-01fc425a84d4,Mathilde204 Wintheiser220,F,GENERAL PRACTICE,1340 BOYLSTON ST,BOSTON,MA,022154302,42.34392675,-71.09888049065322,28,0
8fd17a02-1199-399b-824d-ac2c12bc5476,b3b56527-d366-3353-bca9-266a12f23051,Gil594 Schroeder447,M,GENERAL PRACTICE,60 QUAKER HIGHWAY,UXBRIDGE,MA,015691628,42.06100105,-71.62352848737622,5,0
531ddc2e-4bf9-3d23-8548-66589ec615c0,c5742266-625d-3824-9ed3-4b5c6bc3e296,Erica194 Goyette777,F,GENERAL PRACTICE,22 BRAMHALL ST,SCITUATE,MA,020664312,42.1939754,-70.7697128,28,0
f984845a-c83a-303f-aa21-d295da603e1d,a1a024f0-95e2-3db4-a771-e2f17c5da162,Arturo47 Schmidt332,M,GENERAL PRACTICE,18 NEWTON ST,BROCKTON,MA,023015115,42.0785392,-71.02602473630952,28,0
3b3fbf23-484c-3728-b797-03c760a12b14,aad05540-c9cb-3805-b3c4-f9b9d9b42b2e,Quentin28 Fritsch593,M,GENERAL PRACTICE,821 E MAIN ST STE 3,CHICOPEE,MA,010206306,42.155774795300516,-72.55672263289513,28,0
ca076387-a845-3b6d-8635-bb83cdd36c54,2e73956a-942f-36f3-b88c-f88e782e578f,Elli820 Boyle917,F,GENERAL PRACTICE,790 TURNPIKE STREET  SUITE 202,NORTH ANDOVER,MA,018456138,42.661547049999996,-71.10774565195425,2,0
ca6730e2-3c41-3433-ae6d-9654f72c03aa,0e9d0119-1157-35a0-8bb5-7e0aa3041928,Kari181 Trantow673,F,GENERAL PRACTICE,1049 MAIN STREET,SPRINGFIELD,MA,011032114,42.09977055,-72.58470990760483,28,0
b1bced98-1890-306d-a189-2401cf467914,76b7dbb5-0a02-32a4-9a01-3511f7e45016,Emerita401 Satterfield305,F,GENERAL PRACTICE,59 COUNTRY WAY,SCITUATE,MA,020663746,42.1806871,-70.74862935148246,98,0
2cc9771f-0011-39da-bc40-553d6756b579,25c85bcc-7e25-36bc-89e8-08e0d473db23,Sharron285 Okuneva707,F,GENERAL PRACTICE,138 S MAIN ST STE 14,MILFORD,MA,017573272,42.1270746,-71.51639128815474,28,0
83d47d45-7c4c-3ada-83bc-4d8374fc4965,d9b71ccf-6649-3555-9e99-44eac0af257f,Javier97 Collier206,M,GENERAL PRACTICE,655 DEDHAM ST,WRENTHAM,MA,020931135,42.084901,-71.30689224201797,10,0
3030f2b9-3a66-381d-8cc6-69f555239b18,e68de1a0-767e-3466-b9a6-43948ee073d3,Simone657 Ratke343,F,GENERAL PRACTICE,160 WELLS AVENUE,NEWTON,MA,024593302,42.29337605,-71.19806353028767,37,0
afbf0e64-c677-3517-a25d-f9932b28b28b,2fb77691-5353-358a-bc94-90af77dd654b,Sasha806 D'Amore443,F,GENERAL PRACTICE,200 GROTON RD,AYER,MA,014321168,42.577352149999996,-71.57414587343038,13,0
9982a53d-fb75-33b8-a3fe-8507d1d82ad7,5862e05c-9533-3f7a-8f73-215d50f5ee2f,Estell607 Barton704,F,GENERAL PRACTICE,1200 CENTRE ST,ROSLINDALE,MA,021311000,42.29768,-71.130463,5,0
1eb90edc-0820-3349-9f9e-4f3014c11fc2,471f7ca2-38f8-3080-8109-187c73ec0b1f,Collin529 Johnson679,M,GENERAL PRACTICE,27 CONGRESS ST,SALEM,MA,019707308,42.518722068313224,-70.88940635956651,24,0
47e1e3da-3f27-31e7-9b08-5e5e013e60ab,a5577e5c-b886-37a0-8eee-8ff6feb7ea6b,Leopoldo762 Keebler762,M,GENERAL PRACTICE,330 MOUNT AUBURN ST,CAMBRIDGE,MA,021385502,42.3741033,-71.13417575971958,16,0
de012df2-de34-39cc-b23c-00211210c57b,7dcab1ad-0e13-3700-9eb0-70767c5e2b55,German382 Wilkinson796,M,GENERAL PRACTICE,1515 ALLEN ST,SPRINGFIELD,MA,011181803,42.095299499999996,-72.50943136142334,23,0
d212dd0e-91cc-3892-8b6f-c3dd6aa895a3,966245ce-e84d-36b0-a838-2e0b5bb2e668,Pei116 Crooks415,F,GENERAL PRACTICE,1425 BLUE HILL AVENUE,MATTAPAN,MA,021262122,42.2754929,-71.09384131587021,13,0
4ef5c582-0267-3ced-8d6b-20ec1f89abae,b9a91cbd-3263-31d9-9cff-55873cf8b2e2,Danita413 Becker968,F,GENERAL PRACTICE,25 Bond Street,Springfield,MA,01104,42.110065,-72.60007,173,0
a9273945-e017-31e9-a077-238f8c220ba5,845fbd9b-2d1c-39a8-8261-28ae40e4fab2,Bennett146 Rippin620,M,GENERAL PRACTICE,14 PROSPECT STREET,UPTON,MA,015681431,42.1700209025178,-71.59409308099494,108,0
539db3ad-5e20-3326-b29a-4679d0a53750,bac9dc0c-cb0f-3fa6-aa12-819dd0fb922a,Nicholas495 Greenfelder433,M,GENERAL PRACTICE,1493 CAMBRIDGE ST,SOMERVILLE,MA,021452935,42.3875968,-71.0994968,5,0
0ada13cf-3138-36ff-9c3a-85b48844d35a,af8566eb-8918-3ec7-ba44-92b6a2cf8097,Trevor374 Walker122,M,GENERAL PRACTICE,81 HIGHLAND AVE,SALEM,MA,019702714,42.5112107,-70.90516241826194,3,0
835027ae-5cc3-3b29-a1d1-36c3ba8a6b22,d1d4d104-68cb-356b-9086-888de7d2826f,Ellyn26 Windler79,F,GENERAL PRACTICE,61 Lincoln Street  Suite 112,Framingham,MA,01702,42.28348,-71.41845,779,0
bb37f742-a976-38b3-b4bf-551491fcaecf,a036cdf2-bbc5-3ffd-987f-56e437fd8b74,Shayne60 Gutmann970,M,GENERAL PRACTICE,265 N MAIN ST,SOUTH YARMOUTH,MA,026642083,41.680980000000005,-70.18292625685085,8,0
f2c089ef-8fab-3ea4-8eb1-84af72f065ce,f90ef475-defe-363d-a926-573b38f804a2,Bea654 Schiller186,F,GENERAL PRACTICE,54 HOPEDALE ST,HOPKINTON,MA,017481672,42.2288875,-71.5196439,28,0
bd850b4d-4704-38e1-86f0-922dc9b2bdc3,a25107f7-f4f5-36fc-98e4-f3e1b5875c91,Rub√©n780 Garay400,M,GENERAL PRACTICE,1285 BEACON ST,WOBURN,MA,018012157,42.4979478,-71.1684508,8,0
430380ac-ebbc-3d8b-8797-7e28bda5ace0,3695125c-c052-3ece-898a-2a6448987ae5,Rosanna866 DuBuque211,F,GENERAL PRACTICE,2040 BOSTON RD STE 5,WILBRAHAM,MA,010951380,42.150295650000004,-72.47288272264812,2,0
8eaca000-3b9f-31c7-8b14-ade732b45e51,63b93742-6c13-3309-92b6-f7c858e9f320,Marietta439 Schmeler639,F,GENERAL PRACTICE,77B WARREN ST,BRIGHTON,MA,021353601,42.348002699999995,-71.14205064012461,12,0
bb4dc577-b94b-321a-9f3d-1c20934471ba,05fcf001-ab24-3d7d-85f7-f64942d82738,Leonarda398 Schumm995,F,GENERAL PRACTICE,250 POND STREET,FRAMINGHAM,MA,017014592,42.2838619,-71.4093719,29,0
f9589664-0ca3-3810-8554-8dfa7f91c74c,e87cda4c-1ad8-3a9e-b55f-7bfe987610ce,Josh874 Bechtelar572,M,GENERAL PRACTICE,326 NICHOLS RD,FITCHBURG,MA,014201914,42.5974358,-71.80761197366103,28,0
2d7303d0-4661-3ccf-b5ce-1431ee49056d,e5d50afe-8c7d-35f5-96f5-fb8941403b0f,Amparo58 Hayes766,F,GENERAL PRACTICE,125 S CLARK ST STE 900,FALL RIVER,MA,02722,41.74223,-71.129706,13,0
6e37fc2d-85b1-311a-bac4-e37613eaa6e2,9adfae03-673d-365d-9052-f705098fa3e4,Daniel959 Wolff180,M,GENERAL PRACTICE,51 BLOSSOM ST,BOSTON,MA,021142699,42.36305545,-71.06643399281765,10,0
6e0227aa-fcb0-375d-8415-dd8d226dcc35,48a07866-e8d7-3268-aa3c-ca3237c8e6f3,Devona405 Stamm704,F,GENERAL PRACTICE,188 PROVIDENCE ST,HYDE PARK,MA,021361861,42.2682551,-71.12174592925336,28,0
4f2f6516-fcbe-3f76-84f0-0e451410560f,01bde980-bf89-3138-8912-7360dff33247,Bradly656 Lang846,M,GENERAL PRACTICE,456 PARK AVE,WORCESTER,MA,016101254,42.25512735,-71.82580924803523,6,0
f9a8699d-e640-3976-8910-661e11fbd174,4e56c7ec-99e5-3023-8e4f-95ad18a03f06,Duane703 Bosco882,M,GENERAL PRACTICE,28 RIVERSIDE DR STE 101,PEMBROKE,MA,023594947,42.11004715,-70.77534154695786,26,0
b59bf5de-986f-31bf-bc43-92673429f436,65dac97b-bb0c-38ae-94bc-bf29ac9687ea,Sebastian508 Rowe323,M,GENERAL PRACTICE,265 MAIN STREET,DALTON,MA,012261614,42.472932099999994,-73.17745071097283,1,0
0e2a61d7-81ab-332e-9d54-03a2273a024f,fe8b229b-11c7-31c9-994a-98321748fd2e,Amado512 Witting912,M,GENERAL PRACTICE,HARRY KEMP WAY  P O BOX 613,PROVINCETOWN,MA,026571618,42.055812,-70.185696,31,0
f632dc02-907f-3548-b2ca-8991aff721c9,05f80ed8-6a7a-3728-8b5c-c5c995c8244a,Vernita491 Cartwright189,F,GENERAL PRACTICE,150 South Huntington Avenue,Jamaica Plain,MA,02130,42.32809,-71.11076,98,0
84a526d8-7b12-3fee-a8b8-a3365554e9d2,121b0ad1-1beb-3caa-9271-3d3f726bb727,Kyoko885 Price929,F,GENERAL PRACTICE,1030 MAIN STREET,WALTHAM,MA,024517447,42.375828,-71.2527956,19,0
46521653-fe8d-301e-9031-3e8431f63a0b,db60692f-cbef-315b-9fce-38a7f015c482,Kathi607 Hilpert278,F,GENERAL PRACTICE,72 SHARPE STREET,SCITUATE,MA,020664534,42.1939754,-70.7697128,28,0
c70892f3-ff33-38eb-a9e5-9a643488bc83,11a40a26-a5a3-331d-aef0-d06dd90e2b4e,Len277 Wintheiser220,M,GENERAL PRACTICE,10 OSTERVILLE WEST BARNSTABLE RD,YARMOUTH PORT,MA,026752000,41.7020544,-70.249465,28,0
2ba44dcf-2891-3144-a897-0c46134d3078,4d3ec6c2-f6aa-3d7b-adcc-e7107dac8530,Elsa29 Schultz619,F,GENERAL PRACTICE,14 MASONIC CIRCLE,AUBURN,MA,015011341,42.181923125,-71.86839612499999,40,0
9ef274df-c1a8-34ae-a4ac-41426b66ea7e,95f6c328-96dd-3fb8-a56e-9aad566094b4,Burton124 Schoen8,M,GENERAL PRACTICE,4 STONY HILL ROAD,WILBRAHAM,MA,010951027,42.1552861,-72.48384800788648,3,0
2ad37ce4-df5d-3898-8b6e-19c68afe1627,6d16a8e3-3569-38ab-afac-a2f8c1125085,Miguelina323 Crona259,F,GENERAL PRACTICE,1010 WALTHAM STREET,LEXINGTON,MA,024218052,42.4139392,-71.22929265883278,2,0
65cdb08e-66d6-36a7-ae8f-9e6ecbd810c2,02d7b144-352f-3eac-97db-6fc4a95bf1fa,Greta919 Reinger292,F,GENERAL PRACTICE,120 SEMINARY AVENUE,AUBURNDALE,MA,024662650,42.34002614299451,-71.24911543639162,1,0
8dad0843-f1ef-301a-bf1d-9edc53c4d8a5,53f086de-2fc7-3d35-92c2-aca4ed944e7f,Chang901 Kutch271,M,GENERAL PRACTICE,1 GENERAL ST,LAWRENCE,MA,018412961,42.7097143,-71.15007700778098,78,0
2592ef73-3b3c-3f34-a584-80272c5f4543,20f63278-6709-3195-b767-782d2a10bd5c,Jamie386 Krajcik437,M,GENERAL PRACTICE,640 CONCORD AVENUE,CAMBRIDGE,MA,021381116,42.389222000000004,-71.14799280677965,9,0
43d4f024-f12a-315b-a273-c290f67e0e9d,0592d4e5-a0fb-3143-83cd-8e5a6b066a96,Mica978 Lemke654,F,GENERAL PRACTICE,20 EAST ST,HANOVER,MA,023391638,42.1278249,-70.82664947485381,250,0
2a5bee3e-3e3b-3090-abb2-6edcd92ae46b,6b9c5830-a278-38ff-887f-ccefd74cf8e8,Rodney21 Hettinger594,M,GENERAL PRACTICE,184 LINCOLN STREET,NORTH EASTON,MA,023561799,42.06665855,-71.11947646404934,4,0
f60a6d98-9fc1-33d6-8199-44531c9e73b6,ba07b31b-bf14-39b8-be95-4c5ca5062daa,Hermelinda327 Hyatt152,F,GENERAL PRACTICE,1575 CAMBRIDGE ST,CAMBRIDGE,MA,021384308,42.375209549999994,-71.10711344152975,30,0
78ede070-65dd-3e50-890a-af73277cd1f8,6aae7a31-90df-3455-ad8d-81f8cf2d21e8,Houston994 Funk324,M,GENERAL PRACTICE,680 CENTRE ST,BROCKTON,MA,023023308,42.0872752,-70.9910738855076,9,0
